temperature,vibration,pressure,label
30.60943415950886,0.598221520619222,100.93843921611719,0
27.920031787519008,0.5781213919087901,100.76729783110365,0
31.500902391612914,0.5875658080249242,101.64720785876008,0
31.881129432782426,0.6190173113320122,101.501483532236,0
47.36746651741942,1.1515269238451005,90.1124113061783,1
27.395640986275364,0.6102062993060501,102.198142603651,0
50.6589921350541,1.2320449513846037,91.4080301486433,1
29.367514815312834,0.5887547561130717,100.41125512382742,0
29.96639768499142,0.6226874449088942,102.2510272914831,0
28.29391214485284,0.6113652781037519,101.80054045727692,0
49.64642204137769,1.2428965391127198,96.17702438972057,1
31.555583870857898,0.6432691437355873,102.72174627220618,0
30.13206139512243,0.5849776576872925,101.82703789469295,0
32.25448241393607,0.5503471397044445,101.29184310749996,0
30.93501868450409,0.5686486887124109,102.57217504449743,0
28.281415074233525,0.5693686451796504,101.4274382270637,0
30.737501568164998,0.601565199559726,101.27753353991677,0
28.082234798342004,0.5917844848336129,100.7717599071824,0
31.756900602614547,0.5898950409707822,101.76548035144566,0
29.900148178027493,0.6185910589644743,101.68128237385918,0
29.63027527290948,0.610196260835781,101.31174411191176,0
28.638140911192117,0.6094814361193286,100.66801091690591,0
32.44508267734806,0.6122948537198608,101.40394388333286,0
59.86097975971907,1.0848406466592044,86.74391557209758,1
29.143344355673786,0.5367613997466767,100.23322054501264,0
29.29573289902354,0.5890668524320661,100.12255011894065,0
31.064618371106697,0.5345936980653158,101.75212270304782,0
30.730888128728157,0.6010817978039339,99.21848934795865,0
30.825465223191976,0.5998610108332696,101.46432842156901,0
30.861642006015764,0.6313659682436904,100.91753355379694,0
34.28329520174092,0.6356290317816335,102.34659728550392,0
29.18716996723077,0.606083251447571,100.9052254326769,0
28.975514541856924,0.584989167678093,101.82758737140152,0
28.372454543504244,0.6145548333763721,100.98246892700976,0
31.23195884515099,0.5841624708802706,101.3909985227889,0
32.257944585441784,0.5999582204566996,101.88946922473603,0
29.77210508469025,0.629584089508823,100.92995542694034,0
28.319687046074943,0.5832668596203173,102.09724390759872,0
28.35103756861752,0.624170359177275,100.50504169831481,0
31.301185575649402,0.620322041060769,101.5356742740467,0
31.486508342406886,0.5713562454860753,102.03811177823027,0
31.08630853661039,0.629216823846522,101.82802999343227,0
28.668980585422613,0.6209569903611452,102.83315590138832,0
30.46432264613344,0.6030577766211797,100.68924854615148,0
30.233371618281456,0.5771302962591704,100.19668059892113,0
49.78658451886262,1.108542372167265,91.1704950627177,1
31.74285755589638,0.5838701226929093,101.82835405323874,0
30.447191097549364,0.6162778338987588,101.6983383474155,0
31.35782712614379,0.5713312449779581,101.38180532771793,0
30.135158138977783,0.613125367458596,100.4016343607143,0
30.578238797379967,0.5627473341336482,101.91349383466324,0
31.26257645167708,0.5938779424668346,100.32023617787956,0
48.21347469866592,1.1593866354529014,86.90148564731152,1
29.360657567285397,0.6733539043517675,103.58595073851188,0
29.05925469141441,0.5586805303343889,101.59316091725724,0
28.722244303513317,0.6441604369947039,101.76648650852619,0
29.44971549754663,0.6044952724196184,100.90571218488355,0
52.064456976112005,1.1937253316031324,90.1282736047563,1
28.268337768613513,0.6035504374016462,100.81782450957581,0
31.936556709182963,0.613341804545857,100.425683807121,0
26.63426045676839,0.5953894468691394,100.14239633886798,0
29.33022994002845,0.6436215054437238,102.67788795359651,0
49.74216080261893,1.2107448702697317,89.88810913590946,1
31.172444662718558,0.6339670371653774,101.60375006449118,0
31.42245315958571,0.5806689863936093,101.052782107843,0
31.586694470399852,0.5981924446079614,101.16170313404525,0
29.302549855503123,0.5678411234312934,102.07164054579147,0
29.075296414670866,0.6136507116104256,101.27413030504383,0
31.715951762514308,0.643353778707796,101.72455515041979,0
29.61739135023677,0.5976793146053744,101.14319656172398,0
27.448627353324156,0.5940934290388827,101.02627768741436,0
27.73342557199304,0.5665614911079622,100.17446866751851,0
28.161095427996777,0.5931212203934307,99.71780075010629,0
30.994321488107527,0.5522161722083542,101.09075047914688,0
30.28485147214113,0.5726136603984352,101.34519735359459,0
31.380970708135536,0.6068035813832741,100.27109597063297,0
29.145494707326932,0.6395703959322419,101.2724201079723,0
30.317079382153427,0.684276325836885,101.3430020503924,0
31.251180787934672,0.582402447447873,99.5751935951525,0
53.791765163220326,1.247969053059753,90.9692870226234,1
51.352426930551,1.3149376840957818,90.12988617510149,1
28.6761481178667,0.5954625705976087,101.6096469835166,0
29.273892306869858,0.6129778335517846,100.37706006688019,0
29.236524212003342,0.6018574945103987,101.42675844039978,0
27.60832070882192,0.6033118717683665,102.11792578028837,0
30.973944961571164,0.5877500051151999,101.92165836719272,0
29.061195319594553,0.5580567102060344,101.22377137038885,0
48.8623529231839,1.2259541765571538,93.37510607897327,1
30.96149331781182,0.6195973464984368,100.79652441253239,0
30.89306235205989,0.5916989972974286,101.67425582632772,0
31.330770217945574,0.582117333010315,101.4560831785143,0
29.803029030981154,0.6002551688016946,101.80352320488176,0
29.153403375911694,0.6238479675874689,101.40549905049691,0
29.8405635781872,0.605410918290792,101.95501116027795,0
26.62533113208394,0.580318351900771,101.37567402636616,0
27.105775055153824,0.6367887886694684,101.92775097290534,0
27.354600775291196,0.6473755650894489,101.99665821629331,0
28.005506344797038,0.6148366996596856,100.65637869582015,0
30.799548453446874,0.6292099053403227,99.8534847625034,0
28.189041889279878,0.6372587999044144,102.53479428481164,0
29.24367489192122,0.6339029794921354,101.5053269845698,0
32.59845659557213,0.6184229753133786,99.9284112836031,0
29.28747205787715,0.6179504114122465,100.72894440222503,0
31.475031136934174,0.6155898172003951,101.91749943389586,0
28.132764639980245,0.5670798697635887,101.07625853509369,0
58.88359923558811,1.287234867996177,91.07860910588575,1
28.099955890178837,0.5593255808662033,102.42070548825038,0
29.321933848198874,0.5761620163462483,100.46217028289296,0
31.68061627491479,0.6391069520342426,100.66147731379613,0
26.5453591536153,0.6252066048808259,101.46910918003861,0
30.868847287091715,0.6446219486905759,101.6123639456431,0
30.475471204664554,0.5918497684893812,101.69707442747259,0
28.81170008860641,0.565432534761697,102.02899043565516,0
27.10788429122309,0.5927868840878897,101.45886289654521,0
30.14425901542774,0.6030609389172172,101.69150715115073,0
28.941014581872395,0.6023696614902002,101.09263259254793,0
30.465352422709408,0.634010414362701,101.35015864258936,0
30.043704291046886,0.5891618872498966,101.3860273440429,0
33.20355778264183,0.6105610341540877,101.47207850865523,0
29.52128874505395,0.5703411855169618,101.9180318460662,0
27.953005014756272,0.6135095183413144,101.74411654555587,0
30.35855126991263,0.6000932565055691,101.33537360232015,0
55.26322208807781,1.3104495025205567,91.95197989963168,1
32.718375150480874,0.5929251191347544,101.35413700645016,0
31.670222491829158,0.5944747276045433,101.2775857720834,0
30.71374211829902,0.5918953461198871,101.45454526385056,0
32.926605782439125,0.6531402372680305,103.06522024571233,0
27.622473891354296,0.5970466199307636,100.88098177716701,0
28.720496934500506,0.5926831166946799,101.63783121530028,0
28.14684811718895,0.5370764712716958,102.15476965379544,0
29.220380393688465,0.5731737794406156,101.37840153127951,0
27.24662770488738,0.5921077972663094,103.17027609533773,0
31.270301893628808,0.5794244197147007,100.99756856661482,0
29.555554605802453,0.6414512278013339,101.55927137785604,0
27.058387410994683,0.5950518667381134,100.66095540408561,0
27.968841837584918,0.6386533274795475,101.01878021188536,0
30.62702769490039,0.601851139021511,101.49914712831732,0
31.676253135788762,0.6011168350926472,101.97704324984618,0
33.99346178338357,0.5973361065686249,101.55527586721885,0
35.82772493201466,0.6001138875486437,102.30729187946778,0
30.82881886655199,0.6515638500914958,101.22402775152587,0
28.02092375993627,0.5304116781974635,101.0342651761288,0
25.73590743853738,0.5399536276668396,103.4631880858235,0
30.535422924687673,0.5837048750683166,101.61539011955362,0
28.37411780937935,0.600435836458127,100.72441476321715,0
29.169285479640628,0.6207031327429203,100.74458899020154,0
28.775806401880384,0.6141926159408242,100.54585606837493,0
29.71841822716723,0.5884726226135829,102.04925548468543,0
32.13196046157529,0.6305713107972528,101.00849816568541,0
30.31409713489069,0.6309058620945819,101.40188998052518,0
45.87934639330262,1.4234093080797732,92.27054946330638,1
49.329863895953174,1.2966129681004106,88.38856366677442,1
26.650634110591287,0.6081793579029638,100.62260472569278,0
29.02738418185334,0.5831555091965135,100.43954217108559,0
29.89243489836336,0.6209345051700002,101.47943784574527,0
33.53585982715977,0.6033183936773603,101.78076742775991,0
30.260549042945772,0.6000401954026345,101.56602585047811,0
31.965479022046114,0.6441886071656872,100.65243701672213,0
43.49110131293245,1.2442222062036599,88.19224142083824,1
58.079912120810235,1.2704148141639784,89.6516508755576,1
28.069766475535257,0.5643878872087689,100.88276908417089,0
28.549547870928492,0.5891021805729358,100.5448371802224,0
50.22329140481733,1.1657155347090162,91.03191695353568,1
28.35722664155123,0.5547802305668086,101.80673723282187,0
31.67697840747269,0.5704452590306752,101.78399470054309,0
28.194145643825948,0.5741747496442928,102.29776913691396,0
31.863146025748488,0.6737227227622767,103.55011939859098,0
53.884038494325736,1.0083184128234923,89.98344023214082,1
29.68672420468382,0.5876475174694605,100.7092987352983,0
29.91847494772913,0.589092501290796,100.80705993266038,0
28.690424609141218,0.5655238800843512,100.61934430209384,0
30.89214440296416,0.542756087603242,100.43793340191702,0
29.09003303931844,0.5964935944077443,101.0602775487557,0
27.548788472465503,0.5700644405026792,100.32671702776847,0
27.444124851360762,0.5974544840501397,101.56803389402992,0
30.345175835444238,0.5519938245286956,101.34135865714289,0
33.15818251282087,0.5771407662506922,101.68482293181093,0
30.319983227146878,0.6044588128590849,101.7061827613106,0
29.762723347780234,0.6109862879335181,101.78240548274134,0
30.571652279205086,0.6125241587622604,101.00127285054089,0
32.61200348341365,0.5603853304752888,102.99691472210694,0
30.438765002727713,0.6256405719040669,101.48754489318567,0
50.43126918112503,1.1505251569474289,88.40864231665883,1
32.21257742011978,0.6189857374382192,100.49809940338702,0
30.857512876923227,0.5996808397014541,99.90759760877775,0
33.07151198399198,0.5587083750276616,101.31386770332104,0
30.36646887444381,0.5905140688625643,101.20255582075733,0
45.064724227315565,1.3743621867291564,90.4517196726331,1
27.26368160150867,0.6183889614142379,102.90874088992041,0
33.301855864462496,0.5957703630766674,101.73918629926152,0
33.4473314415666,0.6459533667180316,101.88087868915706,0
43.53247570330812,1.3020882821002473,87.98206804482349,1
29.233625357728023,0.5923003765080074,100.50068408693518,0
32.922888584484404,0.6225036543641083,101.32944439927756,0
27.785908635913025,0.6580138045556456,101.43840571172177,0
28.210545962088347,0.6588145380234908,99.81495074630843,0
31.28665358937809,0.563160003575325,101.15575438172037,0
29.21078975428082,0.5722040066652855,101.3112576662988,0
29.98975626655986,0.6445475636020155,101.1278806673831,0
29.673114202950973,0.5682515684748709,100.64928767012266,0
30.675149097597867,0.5603237660012497,100.86837185446309,0
32.81496372262743,0.5854141760790286,101.15851264514176,0
30.181169813803493,0.6126068012842375,101.37264001888803,0
31.287877586553716,0.5969280988016671,101.78383326604045,0
53.89764710385725,1.0974820805555825,90.2764468509486,1
29.902563196139763,0.5797736261482647,101.0645218211782,0
28.313539459414258,0.5786298880676187,100.93507504310772,0
55.321047444290045,1.3081450469628533,89.48967164995709,1
28.2436952661425,0.6684489863182819,101.78867593312869,0
29.331753118598375,0.6089253321355667,100.9526396533929,0
31.831805084712027,0.6266027716321422,101.93231478157294,0
27.347214564520872,0.5853276759564323,102.08366827292478,0
53.744069429912386,1.2466328772170416,91.72630147740827,1
29.031661133332843,0.5785933805588893,102.72265672537586,0
29.34465381127608,0.520448749952424,100.60686708907245,0
32.00551565060921,0.558659721694564,101.31111856746601,0
31.07623087400785,0.5456814396005881,101.30902215729492,0
32.67479621488549,0.5325064866614517,101.22154114517399,0
29.690988641500198,0.5641392307710569,100.78058966431189,0
54.31543759022678,1.2961093486120217,91.25042386115894,1
29.552282366239,0.5986669149688694,101.3741435568232,0
30.484993582542444,0.6387169128696352,100.68531547236167,0
30.35314671690742,0.6123294773070262,101.3687947845981,0
27.831223855533267,0.6234767647714548,100.66476516664092,0
30.180979563255747,0.5729730901408627,100.42027332332452,0
30.45645666027781,0.6157185286257801,101.48743868830151,0
35.03494807506784,0.6218614270222304,101.4207372214452,0
33.75368922256334,0.5827005812329892,101.76342557705675,0
28.29351329888236,0.616786211118485,103.0486910131341,0
29.425233276901647,0.6169856327572449,101.52183162496867,0
53.450457075876976,1.125948417949888,89.8530426768192,1
28.818585972073027,0.5663169470318701,100.43795093690613,0
30.63121000718068,0.5644761500430518,100.2704740475709,0
32.41170724177647,0.6025951662576439,102.56626355741867,0
28.541832324512782,0.6098102960636794,100.56121617605335,0
28.691707119864407,0.5762242250862626,100.46484474282508,0
25.70542194052269,0.6007975602397829,101.26872086302676,0
29.674668158910183,0.6171161110841545,101.22784606929808,0
27.875171176280872,0.618545721439959,100.57799479484537,0
28.941121145267854,0.6465564036036746,101.05602142502951,0
28.246278443664824,0.6383094249659412,102.28350057412008,0
29.811474891494885,0.5699612570173036,100.65520511293455,0
26.48454321728674,0.6505075862861407,100.18506201250706,0
27.06590950921802,0.5840707048633286,102.05407489671983,0
34.2584942240566,0.6313461843736328,101.69383752955042,0
43.18974584573674,1.097149575905873,88.97833088189397,1
45.45501152743141,1.1955267065812132,90.84064565955225,1
33.67382705664263,0.545769094206752,100.70430131484915,0
35.810134338480815,0.5948530646935095,101.25623645052057,0
27.656866742349315,0.5532185029408317,102.23253767190705,0
46.11762795925818,1.234200345742102,84.59236463985332,1
30.683111101881018,0.6455037797141774,101.23238409479082,0
52.73333516308242,1.090781767291304,85.48157224484478,1
28.026285843143526,0.6090591222755781,99.39498612790246,0
29.509444308115782,0.5782382543397607,102.12702893435112,0
31.554675152123487,0.5811454580958962,100.35403954223484,0
30.86953214893324,0.6232348411159612,101.56559639476555,0
29.247687857539802,0.5988438521446976,101.49734651968859,0
29.73235407096792,0.6521894412579303,102.16766911317107,0
27.250208383260038,0.5855330256389123,101.74073950471482,0
29.52365251205067,0.6299800899742346,99.39816760661601,0
29.467225019982088,0.6029224023887334,100.6721766022752,0
30.464339779252512,0.623873340292327,101.41056410348263,0
28.889345562361967,0.5865852702801015,101.14401609110416,0
30.943077045090277,0.5985132348734525,101.68208858380541,0
32.025431635639656,0.5965350336210319,101.93149324453576,0
30.310858655336933,0.5749182865546264,101.78676138914373,0
30.70351281679841,0.6198624460374526,101.12858004595643,0
30.106310695155734,0.6195074701673509,99.82293039110361,0
44.05805572700865,1.1181502397589616,90.2493945553027,1
28.556883932914307,0.6461089696175293,101.63309451851116,0
30.632988523346615,0.6434803440370891,100.42764219795961,0
51.90011649524307,1.1600279943710237,89.44380741402418,1
34.18633661786119,0.6111915695530253,102.02671463781384,0
33.14670980495048,0.5812919793222536,101.40149358103668,0
49.42098245014117,1.1417006116335933,91.16757309058589,1
28.473885580610464,0.582007516526434,100.27752930983056,0
27.775177056033165,0.6486021092740815,102.80895132684486,0
32.38228590617773,0.6109109445102888,100.8627697655773,0
45.094503162658924,1.0641122754076984,89.95315408159837,1
52.09249537275192,1.059483563932304,91.65134190660731,1
26.510828026051616,0.5348815377061377,101.31068447323493,0
31.85487696311636,0.5395769221540413,102.18395239116617,0
30.908840676428724,0.6238751596565932,101.52156694017549,0
27.779138631171044,0.601814053443521,101.66684730896974,0
29.0569503851001,0.6075133890078228,101.5904073981716,0
30.527434408713038,0.5602081169004435,101.8579906495368,0
30.10493359671249,0.599302988674489,103.12194435884487,0
29.41565762839289,0.6601052823120402,102.07680506876734,0
29.793023463868078,0.6247259885938758,100.03572854572357,0
29.49604524358623,0.6050911963542843,101.65732921222312,0
30.305125024204937,0.5868283826968519,102.21318461448257,0
32.94298394598631,0.5881628144439182,102.26216064522892,0
24.866683118137406,0.5361240633239994,100.95871601355272,0
50.259160494964235,1.0924711619778624,86.22885419111306,1
48.682613749104824,1.364430171023369,88.95117021405791,1
30.5919879793742,0.5527314201848815,103.35801394957578,0
29.25617083735742,0.5801574932307955,100.69999861100119,0
26.486556435042836,0.5652760610329973,100.89407953887965,0
30.65599096742822,0.571039464155737,101.05510476123203,0
33.45470042832837,0.601604448804657,100.90782227996898,0
26.932277190167724,0.5374679353503458,100.58798340018912,0
31.727656027396378,0.6184281131507119,99.08985959546101,0
29.342949553754213,0.6226156520980104,100.95224042102149,0
29.877351308342305,0.5924669223588926,101.59548644775992,0
27.8942029785921,0.5255787447004637,100.90542252359526,0
54.88332684989065,1.1822522512906413,87.04558407307793,1
52.82458640636456,1.330451369711555,88.66218131999317,1
31.165310483975414,0.5166601715781428,102.3328232441473,0
33.46462321081989,0.5895742976341944,101.50913633018398,0
32.35482377795539,0.5645999766459822,101.9611258479146,0
30.878173357859154,0.624137109047545,101.52339324314684,0
33.48786905233558,0.5797465814356961,102.39502770552285,0
30.877986317476598,0.6121186206220683,101.34475148010591,0
31.655976353594117,0.6169638125750727,101.69689656647103,0
29.406858092930584,0.6550867751919006,101.59306634692003,0
30.13309163171841,0.5939117416897389,101.06937163349814,0
28.605152353399447,0.6112813310886783,101.62398585513974,0
31.979167869189705,0.5554483356261769,103.08750899695815,0
27.643392753770268,0.6357124068988123,101.08368244632365,0
31.564700684835323,0.577184734557859,101.6355719142826,0
29.618697884989682,0.5831773750773677,102.30622316069555,0
41.193552976787274,1.0868013559923038,88.78350410560176,1
31.50173797746252,0.5531134696398045,101.30937313417549,0
33.641292315293605,0.6068631008678681,99.3932890376341,0
31.46154938227729,0.6290239881877503,101.71336225491876,0
26.85591948869352,0.6087880147049187,99.52442059310155,0
29.8660936542036,0.5523330730746382,102.47594978475298,0
27.65598561481037,0.5962857211701101,101.43557909695461,0
28.96344031526745,0.6222608670893847,102.09973921589759,0
33.02245686655344,0.5436603370210228,100.57831108945516,0
31.275067621795394,0.5677570195854685,100.05799402135996,0
28.602139142842507,0.6262963081224455,101.50860350731293,0
27.9725652671192,0.6081028630259185,101.27311724803508,0
30.06556418575252,0.6123591474638026,100.90676733907426,0
27.566879701237745,0.6557848442286993,101.36772902458621,0
28.657719445206837,0.6140565833551861,103.51394871362581,0
30.624018943102488,0.6197366403129954,101.96762043789525,0
32.31062407221339,0.6813223658165497,102.13959888469066,0
31.21752294444888,0.5935858632572852,101.97514951324268,0
25.4174209828038,0.5760635170914451,102.48356971508176,0
30.60873345806052,0.612833891947414,101.1479426616794,0
30.144067146465154,0.6131697308816668,99.65619095385976,0
30.827780570745386,0.5841985382416137,101.14913109359519,0
33.23241936330241,0.5690280894133546,101.9493885679972,0
25.873523446390514,0.6692953326627024,100.52415968390794,0
28.81779314961779,0.6098053041116407,101.15890723960854,0
31.18181264558671,0.5780314385579377,100.74658420559814,0
26.836811201092114,0.627477909068388,102.5016234014745,0
32.951898096107016,0.59672564545316,101.89956561232525,0
30.736713225401317,0.592413556610465,101.82123249651517,0
31.693167971686808,0.6168681861574348,101.79728105049678,0
28.85811267695641,0.5612435319530493,101.2702005979583,0
31.62752737993242,0.6105788161175152,101.458045026022,0
32.13694311197808,0.6573886442319525,100.35185233557414,0
30.465756040274336,0.6139853298659192,99.55084641699955,0
30.468801785397392,0.588713636886496,101.42006490427602,0
30.54068647856345,0.5847868415871528,101.55919220501771,0
28.273309470521237,0.5876898007996467,102.2674116547403,0
29.704942639519295,0.5923811196585665,102.5570686528659,0
29.694954935095282,0.5886658040172518,102.55599878799916,0
30.76678772870699,0.6274893432322369,100.5015811253649,0
31.99964849382059,0.5480037269037304,101.01818797204018,0
27.88292783604318,0.625860001512364,101.6842674367051,0
29.749981939360843,0.5886094042457232,103.32552374219374,0
32.96291109531795,0.6113084335708612,102.48407936297113,0
46.77569846681335,1.150953783930629,90.97137791838102,1
28.35549996541936,0.639858932005483,100.98976963556056,0
51.21322135661931,1.2255082043867758,91.82020298987955,1
51.86162780030153,1.233695667606019,89.53526552124646,1
30.022852111121317,0.5545573567261938,100.4194709886125,0
32.65792118087398,0.6248736321319815,101.10925091921575,0
46.43972916908518,1.14428294729469,93.75675826398626,1
31.683640133780123,0.551841862586023,102.57432967129824,0
31.108233002648188,0.5992710784868756,101.01624215763225,0
34.655306200692166,0.6109360346709979,99.3486002891419,0
29.589676622267913,0.6166822582146945,101.70355571812998,0
25.992955415866973,0.6053178410084656,100.74078251751686,0
33.208508723034285,0.6087369425054213,101.33410481955019,0
29.08460113808635,0.6442083417675928,101.2306362393263,0
30.215760888686066,0.6367810172973204,101.08103680334578,0
32.61910136972105,0.5139883513865177,101.93227246542776,0
26.79548091788215,0.5904768433548695,100.07370809731783,0
27.49670557178772,0.5950604691736815,100.88638862003651,0
26.797444125762294,0.5474370428181908,101.8472303304939,0
28.411727419949152,0.6028254917469693,100.8087321797245,0
30.879273212033986,0.6374627331723152,100.01295463258401,0
31.04837568562554,0.5674029642122823,101.83484427460539,0
30.55254835865711,0.6100920281606962,102.19847570435323,0
27.17446823221527,0.5725252956811069,101.2640038338856,0
25.37979312673471,0.5798426392896097,99.73132352122437,0
30.108707170780765,0.644321809025101,101.86477579735904,0
29.05644793272333,0.5837232653966452,99.97208969486425,0
30.918771543433223,0.6138663746703187,101.54703942147853,0
31.40390725244254,0.5438634565181704,100.59002894020627,0
30.276482864117362,0.6558695268418464,100.37212857138643,0
31.520266170751707,0.618079573389195,100.94647198633625,0
30.458422748230138,0.5945250047204921,101.15336195485818,0
31.060129411202933,0.6172663952999968,100.78463339969083,0
28.590653474260236,0.5577054171315656,101.77096262257211,0
29.64077717233708,0.6354759222525797,100.94314449723294,0
30.393552193313916,0.5902804567351071,102.08415269733746,0
31.641056950834837,0.5938779145485469,101.52493853251478,0
29.212517655550855,0.5852503315510355,100.74195423472295,0
31.042334511464226,0.5825804579176325,100.60724809293417,0
29.468322416169244,0.6208401183488522,99.98200296076205,0
29.76491566534374,0.6076772055031266,101.53258654229346,0
31.659038084048145,0.6195524442420912,101.01632996219891,0
26.013879257891688,0.5997361593154328,99.40224357754919,0
27.407055343850477,0.6153959943323154,100.87142810178447,0
27.035629205114358,0.5874345376822488,100.57917277659604,0
25.33276776030339,0.6668919552422864,102.56054207373653,0
28.643471119689647,0.552962087507085,99.93777711048534,0
31.498867799455482,0.6378281197068895,100.14691936021275,0
29.430231867234852,0.6410372235216291,102.18797571448455,0
30.395580163883704,0.5744352358210322,102.38541052597117,0
32.17843499342158,0.6668782083166792,100.70401364901949,0
32.65537226453538,0.6298647084883595,100.79433134175287,0
29.86172413054772,0.6291341702046873,101.79298831724265,0
32.7071717791388,0.6008406656107763,99.43832016244374,0
30.18425331686822,0.5934832152534397,99.81104505239556,0
28.325203552345076,0.5937177351888118,101.07541327931943,0
28.81119929560253,0.6117159178895855,102.5399124529033,0
51.27596675878008,1.2258246186997226,91.56425647818948,1
28.223732292532695,0.6054394265358426,101.38074943338812,0
29.283966623851143,0.5726566913058813,102.2070314180512,0
31.607170038757204,0.6247328118715494,102.98550778662252,0
33.44153966233197,0.6276345223918437,100.83852122148134,0
53.383072758882626,1.361191047746749,88.14335173842194,1
30.785654936519837,0.6223649671957494,102.75764417707427,0
27.918912121684933,0.5918721560952658,100.08224057984685,0
30.949394176926404,0.5721303249860826,102.12206485644306,0
29.73782669862455,0.5739541970807766,100.48534757411099,0
55.29276408070908,1.2620372393931358,91.20218367482859,1
31.856593983136968,0.6071084583463785,101.10590476207977,0
28.789998574382537,0.5974965365032022,100.53359071943902,0
28.93219952325289,0.5868003688641087,100.51351845787337,0
27.86049517742062,0.5113314352696479,101.521131491403,0
28.691433446624888,0.5625804759091749,102.09643146253015,0
30.855780881389833,0.6336252195420949,101.19621103744919,0
29.62151131812719,0.580061219998106,101.35609052698658,0
53.90590602611871,1.1693797921028453,91.87884084359636,1
30.723843707857686,0.5582794371007422,100.52270498158963,0
32.64132331105633,0.6431611644707769,101.89175400673034,0
29.314427698271242,0.5956791701983597,101.9554744776478,0
50.92756653292372,1.2085371381602588,89.37369212218344,1
32.13444483314397,0.6697733937564505,100.99911664755233,0
29.337023655805492,0.6454932030176821,100.9335345586655,0
32.22918488915475,0.5908030313613882,101.915172697259,0
30.76675422636494,0.5822033944538892,101.9552833351297,0
29.73772493959331,0.590233649654414,100.87193027729863,0
30.69755178809259,0.6152969474542961,100.97746985845596,0
33.9020251202526,0.5968432759724739,101.73290467057443,0
34.153961058107505,0.5881426756498959,100.63793260741227,0
30.13876227026556,0.6440154375212712,100.97157280958798,0
30.32038118663415,0.5965737032466649,101.37167421389475,0
32.152480314932774,0.6689876727911196,102.0967509478578,0
28.308677934465305,0.6027222769125652,100.81632110705637,0
30.66614074523651,0.6535595518267419,99.82609243037545,0
29.948274304092287,0.6107195826813188,99.76672202598543,0
30.627816422915107,0.6288888171974835,100.29246954663509,0
28.33326238810119,0.5782616684544682,100.24946582544004,0
26.82086501338206,0.5743872233223777,101.17631139310407,0
25.854033128017416,0.6137911786504496,100.34889587712192,0
27.765231774020783,0.6296565972739594,100.73779603214304,0
29.082649430121332,0.6012076950600138,100.68073129201436,0
29.413616826702476,0.561408199947489,100.9475937113216,0
33.87446232485903,0.5591922490113201,102.3580034652185,0
32.2119867398146,0.5571859079344127,101.82955807154441,0
28.075817767316746,0.5469713366118185,101.3129035322208,0
53.342088426430045,1.1551122379719614,90.03798237328022,1
29.18584352729935,0.6337513176512407,100.95341387470158,0
29.43127232391981,0.5995975263922557,101.56219717596156,0
30.370651298830765,0.5321875572798644,101.76733525868183,0
31.238342233950785,0.5942771861899635,100.57390599511952,0
29.32148303223197,0.5951160301010218,101.32918460449139,0
32.127703065468715,0.6628799625067632,99.67470434506957,0
27.716123547715192,0.5562858626124133,101.46937102733648,0
42.71507289609366,1.1123435175816803,87.96083098366512,1
35.195347453191665,0.6511755804163369,101.0759450984953,0
30.44615948525055,0.6134993502403964,102.75322159691208,0
32.86642901321235,0.6168993922054927,100.59500924205116,0
30.183040356346417,0.6034375331107164,101.4739523322426,0
31.161554190659594,0.609898306159718,101.27134020266723,0
29.886433611214617,0.6233282859083561,101.21976186604527,0
29.659184837671592,0.575715410433217,101.2085422655962,0
28.44103520654916,0.626341757367246,101.38568402400757,0
52.77398260862657,1.2330519528587596,90.43101593860351,1
28.296925621628464,0.6098510391849461,102.40218898901979,0
31.33117047262686,0.6053622288985898,101.29819980439667,0
32.17057400889182,0.5815112073542368,101.9522528577373,0
30.73306281447446,0.5993194417402306,100.73858644298657,0
29.427502532888617,0.5813237954200334,101.91276436218098,0
30.90793115861739,0.5678489601941477,100.6904067809384,0
29.382653888907175,0.5893915577515907,102.17252794887051,0
31.871094250930298,0.5668803409388501,103.06851270191459,0
26.337187831569754,0.6096839239227975,101.20233288962288,0
29.328785263762708,0.565497435175429,99.54596520735407,0
26.018376009752004,0.6213593106897315,100.86154165340415,0
27.00987833954559,0.5645556279621353,102.28550010743145,0
32.72772445962782,0.5830111525325697,101.74246142962019,0
46.66624574896572,1.0683074926367053,89.67655799391751,1
28.56103953343042,0.6397544018662451,102.10693468476387,0
26.994993087918207,0.6099086983684977,101.68756275139873,0
24.070942324316697,0.5936479859236682,102.27418014996091,0
28.91300898413473,0.6149615832320917,102.03553894131758,0
34.84083002449481,0.5367842295801093,102.51736036218956,0
30.869768542927297,0.5987059923107727,101.58703686712501,0
28.88085542790102,0.6599254253341429,102.02420752119517,0
30.93016041900061,0.6039703951920802,101.05429834153136,0
26.878083294011113,0.60203739507508,100.81883135075279,0
63.358816898783424,1.135254057152048,88.75707606484445,1
30.198954946031478,0.6268681572994304,101.47296374105815,0
29.827798696357902,0.5400759992133042,101.9439044526899,0
31.58161224338016,0.5495302055462692,101.3989920115291,0
30.689290452472104,0.6063087387325844,100.83078747926403,0
31.336652036215995,0.5785537031430746,101.30878631406591,0
28.623255435538482,0.6393607578665974,102.44879521421417,0
31.795630816821095,0.5905447683034433,101.74419205942354,0
33.25787389524798,0.5419640779286065,99.93082147221563,0
28.059700960697175,0.56195958249468,101.12780443473908,0
28.224608688570882,0.5175097194110827,102.72583503416377,0
32.67156867264047,0.5929762338815125,101.12896251052003,0
29.61731202660988,0.5943484761820684,99.85961704661266,0
32.807642784133115,0.587266118706543,102.81443910833804,0
29.114928576215632,0.6323663711708921,101.84591400785023,0
32.910091152541426,0.6359555950955008,101.24398971294976,0
30.262971633610903,0.5948883472993166,101.00286581113434,0
30.51645764664539,0.5359591899756944,102.16588154383338,0
33.12943604333981,0.6185184474147677,100.86641327981904,0
29.276459045111658,0.6166608068552573,102.21860513961279,0
28.117755808150083,0.6092817471047083,101.7337562285794,0
29.10287158394329,0.6294443924792434,101.49574554038988,0
30.904667901286277,0.5650551571061688,101.41641184426847,0
26.868481855638972,0.6602626615855541,101.16002557062866,0
31.274941805302245,0.5712171674057439,102.13651209616741,0
28.922457364764515,0.6224766878160256,100.60772573431854,0
32.29562532146713,0.5493795691675994,100.00245989853583,0
25.211479390199056,0.5720920593818984,101.79155209831397,0
28.426868449791662,0.6454910594017601,101.80499066245372,0
26.627063697531796,0.5921730053099745,101.68419292200942,0
28.347541067272093,0.6251976781539839,101.62618269569442,0
30.495331802217887,0.6071086616615774,101.04356769732996,0
29.641546749100492,0.5968512553199948,101.92998616350842,0
29.49324486210397,0.6409155097479806,101.26355349859637,0
29.681630257239878,0.592900235260443,100.91030915134786,0
30.406776481239888,0.5465778567730959,101.05048695019568,0
27.982927916113784,0.5759027972414488,102.91651175902066,0
31.413699281798102,0.6165357518610508,99.91201913436365,0
31.32533194077097,0.6118652731908752,101.69983048343664,0
30.7700758753122,0.5529882524929368,99.95671165790102,0
31.113066885502526,0.5782697244177539,101.21341332934162,0
30.592836001617318,0.5825483595239326,100.95309801187665,0
34.070146605462135,0.5890359121765733,99.6319773626561,0
29.82581165789498,0.5587225923419534,101.61123007234701,0
29.385833563330845,0.5811488667564156,100.99596955024624,0
28.492944839285244,0.5781416854422141,99.62063492595101,0
46.3692779865682,1.2615585287861288,88.65229662363888,1
49.05377151715804,1.3113659706741299,89.30366041832664,1
28.222405373538162,0.5956256862573355,102.49209947383726,0
29.858639236695858,0.588238806123878,101.58716515252118,0
30.66859025699543,0.6041977293611733,101.33684651086169,0
48.011110430298956,1.2485122558869581,87.0634724802623,1
28.468929445140574,0.5655950375349768,102.64590686827208,0
31.800369128039925,0.5717933637322284,102.2068549623005,0
31.478825344601894,0.5809556050808563,100.54676991821616,0
29.680703385155965,0.5650957860062319,101.46107588257193,0
28.694167710670577,0.6048617867718862,101.65161291543313,0
31.0968558416596,0.6218914702135112,99.85230642486621,0
30.375947174972207,0.5523870509760527,101.67548852769661,0
27.103745481169906,0.600753861336481,103.11839346078351,0
29.86403948803119,0.5934019261420099,101.81194893264063,0
30.52407162414876,0.6102452605661041,102.4787304651534,0
28.200610427024493,0.5996118369568924,101.44633178410297,0
30.379686785674885,0.556392021602051,101.24142534081294,0
27.09035502948442,0.562128321034285,101.60501711206477,0
32.67237220002434,0.6008827072675491,100.64733868161245,0
32.49589997011886,0.6308634275923652,100.52897985021248,0
29.49496533139407,0.53357437886871,102.31304364573549,0
30.726908675678146,0.6103717973940473,102.39787387429321,0
25.18015606840025,0.6356886601586292,100.50711494753011,0
27.687304679469335,0.5954092237138136,102.07439904364308,0
29.41244215969574,0.6165060748807932,101.23043201951518,0
27.85573395714628,0.5789079275730659,101.57184685959234,0
31.428792965261316,0.5964190140216937,101.66817491154805,0
33.99459306149599,0.5513725944507555,102.09548037449945,0
51.702202217507725,1.2395142819031726,87.43629750454267,1
28.325073191829613,0.6282829740367583,102.42812959624155,0
30.47089673661986,0.5704501521682668,101.54753027180794,0
33.222232296999245,0.5863341646498971,101.79934741797562,0
27.555251374920193,0.5584067324018942,100.6333899267702,0
46.90178508492994,1.1961070799515159,89.43367334222698,1
33.642597701626215,0.5947848689971615,101.67585993856397,0
26.696481703641467,0.5781126841759305,101.87039794027608,0
27.437861586308337,0.611339129939841,100.01345135103077,0
29.152786787078323,0.6135761525693877,100.64183838153672,0
28.95882317428918,0.6096254893897382,102.29030695033498,0
31.625202575507288,0.6071580237278533,101.52951289463408,0
30.483319439641676,0.6473330461479565,99.76897621213686,0
53.13554800074583,1.1233684650384295,88.06997455044097,1
31.03082080580162,0.5983519540139124,100.86497375651781,0
28.8449222252887,0.6339806946155876,102.42905358870136,0
32.54889443388248,0.637936194280141,101.22973145711704,0
28.74482492712616,0.5573470905196628,101.46376534881642,0
28.72676943379553,0.5906293367503239,102.24316366287331,0
31.08226322160906,0.6407436328760178,100.58200562331626,0
31.525852964673874,0.615242373155972,100.50572255373285,0
30.896198727872406,0.6058578909443931,101.1428012636815,0
26.628805365230384,0.5934694591969603,101.96173823969697,0
46.50889270133714,1.1662570245893824,90.33122430046531,1
27.9313838966512,0.6086465718927097,99.96557232008873,0
30.470552223176526,0.5924287762504655,101.95897674163503,0
27.15253112920188,0.5987226413686666,100.81761734994639,0
30.89264429508613,0.6023579611834511,100.98621918966377,0
28.386802191385254,0.579657854145195,99.81455167844787,0
27.434730699478955,0.6159638812164431,100.75681654851842,0
31.427640272964798,0.6874273394524626,101.29394616269508,0
30.4832890433535,0.5466904008202177,102.04430228609831,0
28.772046397214204,0.6097203757256994,100.68301586701229,0
32.90235769804213,0.5771942973414328,102.625900896186,0
65.15881207555317,1.114730688536518,91.52822881100357,1
30.064215347941868,0.6013967241998358,100.75352655873186,0
30.537826895357203,0.6228556432212738,102.52988604151824,0
28.760668131742772,0.6352651972952633,101.46916812189113,0
30.94227258679986,0.6057726335330454,100.85838021679074,0
28.93309530567055,0.6339615686524254,101.17589349505552,0
45.935129876799095,1.1451654462134981,89.11219672716248,1
32.72528527960668,0.6477135689374807,102.47296225570054,0
27.918827894975134,0.6112518645567702,100.64656545658379,0
53.438262422545066,1.033849508026149,90.33103092403353,1
33.22187399002379,0.5634037276547543,101.37212546213405,0
35.098655905214,0.5750769035518399,100.51100791158672,0
29.189461469101335,0.6043781488243432,101.25545195788,0
26.12632391875963,0.599488863319876,101.30425828836135,0
29.379032047608113,0.6084920576402997,102.21216758314938,0
29.427554100318662,0.632535454827899,102.26594002264896,0
29.620152317955487,0.5470433905409146,101.0366324813128,0
27.773223916156304,0.6292145721515192,101.12883748491134,0
31.159122284952954,0.6002484572987378,101.83143384164451,0
31.049014750572173,0.5938865441662635,100.83184924085839,0
27.011188760361385,0.5558665429684533,101.77091212138991,0
31.398393463389777,0.6150914600513059,101.22967481010463,0
34.10536996389178,0.5275767644690689,100.5244811378091,0
30.34392066487412,0.6194518203371614,100.53453062969628,0
29.325349675862988,0.5552368249358102,102.45764695682487,0
29.715993571184956,0.6016037373785242,101.17486281668536,0
31.230513533937124,0.5964249348801623,102.61228327511864,0
52.68716927113668,1.2909159602213875,87.84208562590273,1
30.328781405954604,0.5946403449295833,101.5329641609052,0
29.21907210107438,0.57917584316563,103.2141413784146,0
44.09702830123255,1.2553953505995323,87.9058165584671,1
29.651654532390083,0.6381864830626399,99.78174840008018,0
33.335775222239036,0.6160889090754268,102.32927210502979,0
27.792518604435987,0.5884311005543051,100.63855271568553,0
31.174518333605583,0.5929066074010646,101.28343490871501,0
42.889741169299334,1.1782856386923686,87.8525951745644,1
28.261905504270434,0.6116542260255462,101.51453022476424,0
30.35479222927388,0.547205528769136,100.53957103425141,0
32.4250376736632,0.6225538939750637,101.15604792969336,0
29.3524165914268,0.603858647774738,101.65985226124522,0
26.616074701660473,0.6716085539872176,100.49335289098059,0
29.964874347045107,0.5669959333882708,100.73993277628328,0
28.195153810414975,0.596920137268781,101.02209373312117,0
29.315318122672235,0.6539486310276919,100.15694765261898,0
29.836824460629757,0.6357416892087424,100.961951213761,0
26.588695567968966,0.579113638452603,101.39503723192232,0
26.768683321358644,0.6067190228512034,100.98036084672925,0
30.96413367105105,0.6000599806924526,101.08289880565462,0
60.066232273973,1.3024756733750773,89.1172353752681,1
44.91991735295889,1.1426330309141581,91.1005074860674,1
31.56968807321627,0.5973203879189779,101.8528500526935,0
30.544739510548478,0.5520584287416985,102.44878249984141,0
28.572250351927032,0.6040537035560425,100.92849568624364,0
27.366339577883515,0.613500620202655,101.68815858518217,0
31.671615792628675,0.5931774176206834,101.10830627565228,0
30.69870124512086,0.5515484732824564,101.59238987603081,0
34.765204565368144,0.6296559558855439,102.5526236249626,0
30.840377197449875,0.610935751139784,101.70692763441447,0
30.77540628252403,0.5782195470689707,99.88126836895225,0
29.66614413978287,0.5915819865948581,101.66319650515756,0
31.633551734401582,0.5549799179165448,102.2862909946472,0
52.95660364426242,1.158173160963619,90.30308159153053,1
32.50345001713039,0.5838656596092858,102.09650784489426,0
28.95735416272543,0.6368526243684045,100.74790756707844,0
29.129185054112074,0.5808148982733757,100.11156867238218,0
29.04179365817604,0.6192064097798627,101.41293521506611,0
31.581603442357977,0.5838505139141525,99.89481862340294,0
32.996748880593465,0.6074384268255563,101.10818318968512,0
29.082319013701397,0.595758134935686,102.3294738101164,0
29.150452544413817,0.6261916980027823,99.77218967540297,0
30.628154447739597,0.5839556598534432,100.27640256326887,0
46.8819874518532,1.2869761187164956,89.20503333014113,1
31.90410730627978,0.558541529059091,101.24934411223123,0
25.49644541876191,0.5840436751817173,101.00742657148302,0
28.346589906166212,0.5625282008796584,102.41930910535687,0
28.435167332077107,0.6123063604703866,102.06347866327336,0
25.35928797522771,0.5860269550542576,101.69621835685487,0
50.88559915002515,0.9890049353120027,89.44155816157664,1
28.169687768308147,0.547868562145886,101.61458382158786,0
55.32842587360024,1.2741281766985022,90.97598274160917,1
32.225931783320526,0.5661614092948299,101.98576828284529,0
29.509878697618596,0.5851979597885196,100.41036459651264,0
27.938372559457694,0.6042425842002163,101.96830159512179,0
29.886090917572943,0.5302388587537714,102.24891400169506,0
32.098347242882696,0.6071047835036408,101.46869168167046,0
28.048082367770192,0.657087223868225,101.15902955283042,0
46.95880135331357,1.1629629390338891,89.3096862655142,1
31.117097918548446,0.6077942357041652,99.01078530391946,0
51.43645380518182,1.3016977048237854,92.17490924029693,1
31.294969381418948,0.5950813949991901,101.20931680172815,0
29.972706416409405,0.5825711943440555,101.25949750955441,0
31.403327296179135,0.5317279078883475,101.86522601031825,0
27.92984377191872,0.6192297215818492,101.24018486274821,0
29.975830698423465,0.5966049477081331,100.38783451467907,0
29.578619971273685,0.5696194844583551,101.18687786333969,0
27.56821815179174,0.6037979013083308,101.35404438726465,0
26.873044104262622,0.5824895892958145,101.3919471292648,0
31.371498070549322,0.5841472160665342,101.42953549382806,0
29.298095235564045,0.6181887346832612,102.13149523593484,0
27.95543943670534,0.5598485276602847,100.43117235757268,0
29.807642126153336,0.6314194585822127,101.44056036493188,0
32.25603771469861,0.5580694151064479,102.3319437588946,0
25.438524309256152,0.5801189577493421,99.91231080245024,0
49.23384519870893,1.32082628254805,88.66000980624355,1
28.154227116209466,0.6338206428492726,100.83169719842157,0
32.922357733440656,0.6029281197748632,101.00343169242151,0
30.565173965838593,0.5717840935349635,100.57615399742846,0
31.534634480922453,0.5841218307990031,101.16435942743963,0
27.719678161747538,0.6021982594375709,102.77300449154151,0
27.76092824945895,0.6011256969701879,100.28845571105822,0
30.89562743344542,0.5972738721112211,100.36431199801693,0
30.116548661870894,0.5990750245774744,100.2584523438692,0
31.097477637728254,0.5935687467088465,102.68193462930248,0
29.624658018143094,0.5567406379307996,100.93012823558297,0
46.65159285963898,1.3509870683120315,89.93064149996282,1
30.31623816981022,0.6274387216196053,100.977773647115,0
31.55553477816985,0.5589499710734664,100.54446169727753,0
53.44305850489444,1.1673756318376172,86.9274553719115,1
26.76025601121646,0.5754073821368747,103.26659488458924,0
25.505462889318288,0.6033405128819433,102.4136567367794,0
32.003490795303016,0.5883410045679954,100.61764974576617,0
32.37545018652387,0.64432180994924,101.81805928244934,0
27.958753960973326,0.6151974946257076,100.63478178186689,0
26.280329186908745,0.5606459050266837,99.87890588892301,0
30.198069642014403,0.6201368403484109,102.1156087341317,0
31.861676452701058,0.5767604443121381,102.22807427731483,0
33.59518904486863,0.582690108858674,102.13684180083831,0
31.0325951442029,0.6094145706032136,100.92410780062434,0
29.25656660682861,0.585247577408096,101.16657941279841,0
45.411455127498705,1.1686957714073793,90.60620376990066,1
30.02290258334131,0.5767646981545981,101.61319682987849,0
29.401470592229487,0.5814316034222591,100.98509002296237,0
27.969864188542367,0.5803088731935567,100.00474254390546,0
34.09751130172657,0.5830308375493488,101.39110015531361,0
33.57033680414426,0.6329757466664344,102.16320771138889,0
32.27209736711086,0.6188638888083091,100.34192936877267,0
28.158299204381745,0.6512983186203621,101.81100750534078,0
46.3838215702958,1.3073257831789156,88.9987637080227,1
31.279252818995804,0.5690784890420297,101.90011861058586,0
51.175599715758324,1.204120606678162,88.98766146661534,1
32.499330534087555,0.564713990500697,100.74442780645971,0
31.270742285722555,0.576671822167552,100.00643247986804,0
31.48002847260867,0.5810975246923299,100.87318437945369,0
31.27381256674442,0.5682853537758518,102.0113018540216,0
30.681582816004212,0.5684433818130475,100.86639687717923,0
26.432777740571634,0.5956714686443924,100.74476534091389,0
30.167242154821114,0.5634984474484077,99.84291972646028,0
28.88761608230175,0.6252638087741289,102.70211804364075,0
27.44031808471996,0.5724673938774746,101.96057091314024,0
33.36363323860165,0.6842870691028917,101.9159167850198,0
33.457990681771406,0.5864584664710681,102.07418030942358,0
32.71844120059122,0.6021605292575115,101.76136668923472,0
30.510426833711747,0.5611397644660189,101.10453691585637,0
32.70125024190531,0.6511827527438292,101.16898871670223,0
30.02410636120365,0.6335850204240875,100.9579485083263,0
30.40559455379556,0.6089074761220834,103.407792603532,0
27.813057259076032,0.559595923536613,101.74472962503955,0
30.79398260899768,0.6063200063317385,100.92895964691886,0
30.120771856848833,0.5663570686194823,101.67239741933302,0
27.394695766331072,0.6438706579042008,100.49130486571494,0
29.897605776366806,0.6242758419555952,102.50360537487138,0
29.840540872286383,0.6028631711546321,100.77114472335428,0
33.59512233328928,0.5269087301025803,101.70086834609798,0
31.788426657026818,0.5704975206402291,102.15278210379451,0
30.02289087818293,0.6206328339479962,101.607814835364,0
30.497574619602165,0.6363865107516946,101.37557599345571,0
30.088424756208397,0.6332750943447639,101.30864166788481,0
29.594172030408906,0.5522396099327563,101.25484712249032,0
27.835145605223428,0.609046569204387,100.838641208858,0
50.19656533012148,1.1622807125210928,88.83222612181557,1
28.507803486694975,0.5502499330325327,102.48367229892075,0
27.499368922153707,0.5997628645388029,101.21317069385188,0
31.02244362909507,0.6082152719492536,100.67136298449378,0
30.78252931986647,0.5909770624545979,100.88696192251079,0
26.426584977263843,0.5444351443379639,102.18029654455778,0
29.754630725009747,0.5902290566977881,101.84048530653158,0
31.991402771799848,0.5901808370923493,101.7482633425858,0
32.11844747779264,0.5955578278635674,101.09398304087216,0
32.051673685770474,0.5830958572372479,101.75868997613836,0
30.07782641380292,0.586709635402756,100.78515110003949,0
28.309909344061698,0.5988088115295906,101.09230877492338,0
27.832602345283878,0.6132736381490913,102.07584358991339,0
45.89082351796223,1.2277344179720215,86.54678663775245,1
30.758560068730326,0.58771053214896,100.51447212323936,0
32.57466222321013,0.6027706211476337,100.61557883767314,0
32.19995930068417,0.5423725222231446,101.38696172225073,0
29.735542686937656,0.6143110538167937,102.6809058997356,0
51.19574642316731,1.2185834577518915,88.16590210707848,1
29.361786805978205,0.6011908057979268,101.5226663516564,0
30.43446238962105,0.6288220292278339,100.19916533474148,0
29.59583350922119,0.5414155340985526,100.79253520517956,0
28.84421178384469,0.540784983904231,101.0084572655486,0
30.5057696299398,0.6082141153597056,100.96359332525049,0
28.992084517178778,0.5997864943461445,100.87296324827263,0
28.743867832549252,0.6051053082957579,101.30576564830109,0
30.62290566860688,0.5861361877448266,100.87179554669554,0
29.19601483974159,0.6199306102271979,100.13003409211667,0
30.488208777956704,0.6279791652897335,101.92389569001821,0
30.546408045704247,0.6145194688185458,101.9022977337191,0
27.72114199781685,0.5921751462478625,101.97453944801813,0
29.037517752269174,0.5367693183715679,100.06741240298874,0
32.87555387983292,0.6230770862411138,101.53913452206731,0
45.61970267944711,0.9250564613961444,90.06001307706188,1
25.76669110205894,0.6193367523595193,100.47503834524832,0
26.27630969351498,0.5736107271789748,101.3073385985457,0
46.71756946590638,1.179355424158946,89.87815389058413,1
30.0618345560654,0.6258158912388433,102.7737205268546,0
29.76477828914976,0.6467644874339725,102.83959682961006,0
32.428379657857,0.5737167022731613,99.96851488533584,0
24.654331133794123,0.5932063624636759,103.29514160458238,0
30.791867748861648,0.6224181615343036,100.56781942307734,0
33.122876403607144,0.6017223021431447,102.08453863546194,0
27.744438470216572,0.5664801719384618,102.07639838469098,0
29.24038697642021,0.6124384885508011,100.50344781852655,0
28.49421616554276,0.617359849014455,101.69461423507127,0
28.211307907844944,0.6026388868899301,101.21397300458715,0
29.34747598995392,0.6065875478153983,101.74346400370591,0
32.85497056736901,0.5922388229494281,101.4845378419045,0
33.67477335097504,0.6443483680714818,102.2570715882962,0
29.328121549919704,0.5729792344886196,101.36031963451684,0
33.81012042812894,0.5823803771170866,101.16570074445895,0
30.07115295396925,0.6003295654058257,102.17685138644575,0
33.50738205340216,0.6263686208310267,101.76431677188688,0
29.81340270069302,0.5550788048971639,101.88545071545671,0
30.262115652092287,0.5606910975070368,100.76833066219312,0
30.730948945285668,0.5388681447679584,100.46378977488122,0
36.35770735873507,0.600980856757598,100.84582228539783,0
31.70257114968958,0.5664508254838037,100.80334289145553,0
28.58547094009707,0.5884634966994625,101.92895941492233,0
31.937995740551717,0.6198413456967512,102.08078724023524,0
29.276334925831318,0.5807537183765146,101.17589576837408,0
29.02049963419758,0.606938460682301,102.44473521505948,0
31.817202719784223,0.5910198627674483,102.3947755150121,0
30.062171175542307,0.620163429452893,101.49471913312043,0
30.557151829023613,0.6142538420204402,100.64248658276557,0
43.160288613090685,1.3009099803734006,90.85224789363885,1
30.67316625321087,0.5949404473979863,101.25118611917728,0
30.849931794872298,0.6313123019316148,101.40093215714478,0
26.12606613458917,0.6118013061076228,101.02831597951474,0
31.33314533721907,0.558091138267466,100.58816773896224,0
28.035961160339397,0.6196685418351414,100.12508845574776,0
27.115401728881178,0.5674616813269129,101.80629465884583,0
51.667745058181026,1.3426984767226469,86.78748636340923,1
30.16796200662891,0.6307229651952307,103.74762498319745,0
28.61298767085544,0.608696564277552,100.43114113391002,0
56.077412082488465,1.1938484320395362,91.29522795443913,1
27.315649667258185,0.5937290323191774,101.70811097249074,0
29.186112502454883,0.6203557185420008,102.52345078317383,0
28.830251730133998,0.5888766549161382,101.35167172555458,0
54.17807463943122,1.1156190021475276,90.51326876216307,1
30.55772856929448,0.6261580309955835,99.82516206603303,0
27.98421410075291,0.5831458036942323,100.75799076344659,0
31.448565354912457,0.5815142178002791,100.44110741668995,0
30.1260047366694,0.5641690355782663,99.78396332004169,0
26.216107493376178,0.5680658176162148,101.3935841872191,0
26.082817119205938,0.5451481406567549,99.50573790271164,0
29.97536141414138,0.6218948636704659,100.24224322713003,0
29.558065364427293,0.6542674362624831,100.87024496478926,0
29.793159772850732,0.6427598683041091,100.63497133123914,0
29.944035086939564,0.5512174653412045,101.61712680176565,0
30.451119679020362,0.621745640146686,101.54446415352199,0
31.8952992196966,0.6426631904977067,102.01503899674836,0
27.777790198164883,0.5862957005778401,101.90190698617013,0
27.65605681419841,0.6030434229195014,102.2126502314891,0
27.813352284225235,0.5397632084758599,101.29846527999275,0
30.577833334337413,0.6080020850392992,101.54277352065333,0
32.48989475729289,0.5680932081169585,101.70921096153535,0
29.13732112352098,0.6059890505373454,101.41332535791281,0
24.99660031168069,0.5531639123343336,100.98224455206633,0
26.59201427477925,0.6162857467343279,101.03404597252818,0
28.333926554407977,0.6307353802628006,100.64595328133602,0
28.88454222500957,0.576504604148545,101.63729346392786,0
29.183222745490546,0.565892322557687,101.22478786073188,0
30.077162245961834,0.5353193087235005,100.76946099949059,0
29.376507338355104,0.5920075939777447,100.77020414454033,0
32.09867922108681,0.5825521819715518,100.33168101777376,0
28.647965388637264,0.5534694176295584,102.08307307298976,0
28.275364081048913,0.6135905626893652,101.36289413562542,0
30.957751077040925,0.5865008885440605,100.60975998434138,0
42.50980112304477,1.276860376549637,90.64976943764917,1
30.779383410640005,0.5833628278307865,100.8516409521645,0
30.205106367452533,0.6321391361678884,100.17479949839021,0
29.705115020163664,0.6180881083126566,102.11697783137531,0
33.176552214298525,0.5960992181550453,100.8703224083471,0
28.755585109410564,0.6185731505539456,100.97288072783297,0
34.120596341048156,0.5651726413083978,101.33294401627934,0
29.549137101543803,0.6009711030218109,102.21407137823209,0
27.445967110059545,0.6044196699145941,101.31602983269305,0
30.139839161989652,0.5859049047450382,100.34070629908382,0
27.847509599362464,0.6130637500787225,101.73510160328973,0
28.496488304373,0.5765869963606665,100.91200822059062,0
30.794066600030984,0.6152946212332835,102.81033917722357,0
56.328874625832775,1.3097327507202867,89.50635240897682,1
28.755664599491485,0.512485203579088,99.51197160168107,0
31.9748102900928,0.6357091711053036,101.58589197772454,0
52.730559154462235,1.0155879548832474,91.55765943424207,1
32.872603513126585,0.5815185292333163,102.56073623083631,0
43.756286946461444,1.3001833969549408,91.54778236181973,1
32.7268574241714,0.5904813982424267,100.48419185169483,0
26.238403144051883,0.5560144205259138,102.02972191678143,0
29.364186902743075,0.5671878881484999,100.72240436821063,0
28.265989487353146,0.6308071723896186,101.47943151953353,0
30.238451722254784,0.5423548640835408,100.28163805700821,0
28.857101561606527,0.6338697330288605,100.78443538809383,0
52.783083328387775,1.140802119227002,90.56781200235095,1
33.7643497604081,0.564228140086727,102.01884422411409,0
29.66056040715924,0.5825065478309193,101.94057529733573,0
30.82758463438043,0.5694832697669507,101.52145578346466,0
29.535461340151528,0.6259867560257558,100.21966286555569,0
30.151426575913668,0.6219728342928851,101.05068845284022,0
30.01203336087214,0.5484251659837186,100.70310681364582,0
30.896648131946318,0.5878922364444199,101.99574060535559,0
32.33061507109436,0.5741044301296717,102.24254788225375,0
33.29478799520666,0.6388052990537811,102.1451084688247,0
30.619240163818333,0.5594970264562074,100.69582446446638,0
31.179093772071205,0.6481268731405504,99.10837350216842,0
27.698270981628866,0.5990011578144918,99.88643048149595,0
29.82424651516876,0.5651419678085974,102.43730158246576,0
31.88057892976718,0.5796817744797217,100.97899604854413,0
31.731937276834305,0.5759514347769464,100.6994203053879,0
30.4232194655901,0.5617614479395348,102.61412823474899,0
47.388807602287464,1.3163495814306474,94.12359830546322,1
30.981533417987638,0.5631625334792447,101.31955897753582,0
32.40061251651864,0.5345890137378543,101.06527752714882,0
30.578718313914223,0.5886097058745547,101.1943190297495,0
29.28860336885793,0.5459143141074635,101.48173023870997,0
30.67168251386605,0.5774351739579744,102.58003782505568,0
24.13881124829445,0.5727269133418993,101.63797393938978,0
30.765771472770098,0.5738635178392255,101.8808232264313,0
22.703174349570432,0.6600288930477046,102.23541608725614,0
26.553073185189163,0.6016923470150871,100.36425919918047,0
30.903537201881967,0.6073611302698599,101.90388951397924,0
30.95505867453359,0.5467080511097311,101.0643449962707,0
27.67514243972014,0.5803811059908923,99.28712384338178,0
28.57579591624212,0.6064590788982454,99.59746436641134,0
32.74108197722826,0.5692641326126098,100.48550591078505,0
29.031939736854646,0.6272418853055395,101.72497858287406,0
34.485840624805974,0.563919102422969,101.39103965227224,0
29.996160293647307,0.5914090159240447,101.44749336574053,0
30.816072353762532,0.5824184508007332,102.86075478614936,0
33.23374879699722,0.6049296197814574,100.28472830811215,0
30.262054232386838,0.5807852978443372,101.27805331665301,0
27.995312038618398,0.5918731911878718,101.54354841825105,0
29.78054509661142,0.5929160972466604,100.71098150676933,0
29.92877852761982,0.577968367278261,101.32266139606635,0
27.270516695596868,0.6145528160549134,100.02004053273252,0
29.488335857318354,0.6071516512451227,102.42792497382003,0
28.515615812005127,0.5973415816424049,100.75470835797564,0
31.848715514374867,0.5870862499961412,102.9251201318228,0
51.84852962819565,1.0547242453237853,89.4774712179175,1
29.43440850170486,0.5929249726855745,102.12244285231934,0
29.78763613875485,0.5907990813652219,101.25735770480708,0
30.44624403681233,0.6031407008966437,101.27540493419157,0
31.23362839937956,0.6508976004891255,100.83277653342239,0
28.000575542661238,0.5597893137593639,101.39529914349302,0
27.916824734757455,0.6230957067916606,101.55439895553124,0
32.20935843080506,0.5432048651628568,100.67259319286785,0
29.175326255590537,0.6065181947468586,101.19996446731209,0
27.166315814806254,0.6472524848282619,100.8119209071543,0
30.88762541876621,0.6146600557340192,103.13973125569187,0
30.926739612065372,0.6051187523561937,101.22821538407071,0
26.93856948548659,0.5831865159359078,102.53618572135724,0
30.458963430927213,0.6009314160146566,101.14350213535384,0
31.47116618485675,0.5924381155378993,101.50743011322793,0
30.748772903412526,0.5764207017620593,100.24290874268378,0
31.26396296752279,0.5913037315357539,100.9423419265057,0
27.191461803818502,0.6059514348187932,101.4684277366314,0
30.66208030999239,0.5769834879440807,102.56880306476789,0
29.394760481059105,0.5758115453794594,101.47758622214101,0
29.03441968255071,0.5591926968722347,102.4069762889544,0
31.741111218839453,0.6117217507826669,101.81258328816233,0
32.95854902134846,0.6163596978590118,102.60192107157175,0
33.58874010920072,0.6069498133270955,101.25276622615596,0
32.62961574301181,0.62895511478186,103.21217816852145,0
49.43041803473458,1.0650132587704284,90.35518223384719,1
30.705440326052685,0.6117603281209727,100.68683053264186,0
31.53364574356849,0.6091151227691268,100.33195772024877,0
30.242355898598923,0.5972537994174537,103.16481973724645,0
30.26152837582309,0.5840753451561106,101.95555805809431,0
44.375353224489224,1.2545793759849952,89.4372600161886,1
